{
	"info": {
		"_postman_id": "f4c17084-fd98-49fb-a18d-1011cfb69348",
		"name": "Autentikasi PlantRO",
		"schema": "https://schema.getpostman.com/json/collection/v2.1.0/collection.json",
		"_exporter_id": "38044892"
	},
	"item": [
		{
			"name": "Register User",
			"request": {
				"method": "POST",
				"header": [],
				"body": {
					"mode": "raw",
					"raw": "{\r\n  \"name\": \"Nurhidayat\",\r\n  \"email\": \"dayatdays@gmail.com\",\r\n  \"password\": \"password123\"\r\n}",
					"options": {
						"raw": {
							"language": "json"
						}
					}
				},
				"url": {
					"raw": "{{baseURL}}/auth/register",
					"host": [
						"{{baseURL}}"
					],
					"path": [
						"auth",
						"register"
					]
				}
			},
			"response": []
		},
		{
			"name": "Login User",
			"event": [
				{
					"listen": "test",
					"script": {
						"exec": [
							"// Simpan token dari response body ke environment variable\r",
							"let response = pm.response.json();\r",
							"if (response.token) {\r",
							"    pm.environment.set(\"authToken\", response.token);\r",
							"}\r",
							""
						],
						"type": "text/javascript",
						"packages": {}
					}
				},
				{
					"listen": "prerequest",
					"script": {
						"exec": [
							""
						],
						"type": "text/javascript",
						"packages": {}
					}
				}
			],
			"request": {
				"method": "POST",
				"header": [],
				"body": {
					"mode": "raw",
					"raw": "{\r\n  \"email\": \"dayatdays@gmail.com\",\r\n  \"password\": \"password123\"\r\n}",
					"options": {
						"raw": {
							"language": "json"
						}
					}
				},
				"url": {
					"raw": "{{baseURL}}/auth/login",
					"host": [
						"{{baseURL}}"
					],
					"path": [
						"auth",
						"login"
					]
				}
			},
			"response": []
		},
		{
			"name": "Get Profile",
			"event": [
				{
					"listen": "prerequest",
					"script": {
						"exec": [
							"if (!pm.environment.get(\"authToken\")) {\r",
							"    console.warn(\"Auth token is not set. Please login first.\");\r",
							"}\r",
							""
						],
						"type": "text/javascript",
						"packages": {}
					}
				}
			],
			"request": {
				"method": "GET",
				"header": [
					{
						"key": "Authorization",
						"value": "Bearer {{authToken}}",
						"type": "text"
					}
				],
				"url": {
					"raw": "{{baseURL}}/auth/profile",
					"host": [
						"{{baseURL}}"
					],
					"path": [
						"auth",
						"profile"
					]
				}
			},
			"response": []
		},
		{
			"name": "Logout User",
			"event": [
				{
					"listen": "prerequest",
					"script": {
						"exec": [
							"if (!pm.environment.get(\"authToken\")) {\r",
							"    console.warn(\"Auth token is not set. Please login first.\");\r",
							"}\r",
							""
						],
						"type": "text/javascript",
						"packages": {}
					}
				}
			],
			"request": {
				"method": "POST",
				"header": [
					{
						"key": "Authorization",
						"value": "Bearer {{authToken}}",
						"type": "text"
					}
				],
				"url": {
					"raw": "{{baseURL}}/auth/logout",
					"host": [
						"{{baseURL}}"
					],
					"path": [
						"auth",
						"logout"
					]
				}
			},
			"response": []
		}
	]
}